010427kim@naver.com,010427kim@naver.com,010427kim@naver.com,010427kim@naver.com,010427kim@naver.com,010907kjh@naver.com
9.796238245,17.04545455,50.35266458,61.67711599,47.10031348,65.86990596
251.9999998,4141,597,1743,1166,97.00000004
100018,100022,100023,100025,100027,100147
11/2/15 8:03,11/3/15 10:12,11/3/15 11:22,11/7/15 10:41,11/7/15 11:14,11/5/15 12:15
11/2/15 8:07,11/3/15 11:21,11/3/15 11:32,11/7/15 11:10,11/7/15 11:33,11/5/15 12:16
